time,x,y,vx,vy,heading,label,object_type
1,-3.085066441338821,0,9.149335586611791,0,0,traj_0,car
2,-2.170132882677642,0,9.248821109192034,0,0,traj_0,car
3,-1.2452507717584385,0,9.348306631772278,0,0,traj_0,car
4,-0.3104201085812106,0,9.447792154352522,0,0,traj_0,car
5,0.6343591068540416,0,9.547277676932765,0,0,traj_0,car
6,1.5890868745473181,0,9.646763199513009,0,0,traj_0,car
7,2.553763194498619,0,9.746248722093252,0,0,traj_0,car
8,3.528388066707944,0,9.845734244673496,0,0,traj_0,car
9,4.512961491175294,0,9.94521976725374,0,0,traj_0,car
10,5.507483467900668,0,10.044705289833983,0,0,traj_0,car
11,6.511953996884067,0,10.144190812414227,0,0,traj_0,car
12,7.52637307812549,0,10.24367633499447,0,0,traj_0,car
13,8.550740711624936,0,10.343161857574714,0,0,traj_0,car
14,9.585056897382408,0,10.442647380154957,0,0,traj_0,car
15,10.629321635397904,0,10.5421329027352,0,0,traj_0,car
16,11.683534925671424,0,10.641618425315444,0,0,traj_0,car
17,12.747696768202967,0,10.741103947895688,0,0,traj_0,car
18,13.821807162992537,0,10.840589470475932,0,0,traj_0,car
19,14.90586611004013,0,10.940074993056175,0,0,traj_0,car
20,15.999873609345746,0,11.039560515636419,0,0,traj_0,car
21,17.103829660909387,0,11.139046038216662,0,0,traj_0,car
22,18.217734264731053,0,11.238531560796906,0,0,traj_0,car
23,19.341587420810743,0,11.33801708337715,0,0,traj_0,car
24,20.475389129148457,0,11.437502605957393,0,0,traj_0,car
25,21.619139389744195,0,11.536988128537637,0,0,traj_0,car
26,22.77283820259796,0,11.63647365111788,0,0,traj_0,car
27,23.93648556770975,0,11.735959173698124,0,0,traj_0,car
28,25.11008148507956,0,11.835444696278367,0,0,traj_0,car
29,26.293625954707398,0,11.93493021885861,0,0,traj_0,car
30,27.48711897659326,0,12.034415741438854,0,0,traj_0,car
31,28.690560550737143,0,12.133901264019098,0,0,traj_0,car
32,29.90395067713905,0,12.233386786599342,0,0,traj_0,car
33,31.127289355798986,0,12.332872309179585,0,0,traj_0,car
34,32.360576586716945,0,12.432357831759829,0,0,traj_0,car
35,33.60381236989293,0,12.531843354340072,0,0,traj_0,car
36,34.856996705326935,0,12.631328876920316,0,0,traj_0,car
37,36.120129593018966,0,12.73081439950056,0,0,traj_0,car
38,37.39321103296902,0,12.830299922080803,0,0,traj_0,car
39,38.6762410251771,0,12.929785444661047,0,0,traj_0,car
40,39.9692195696432,0,13.02927096724129,0,0,traj_0,car
41,41.27214666636733,0,13.128756489821534,0,0,traj_0,car
42,42.58502231534948,0,13.228242012401777,0,0,traj_0,car
43,43.90784651658966,0,13.32772753498202,0,0,traj_0,car
44,45.24061927008786,0,13.427213057562264,0,0,traj_0,car
45,46.58334057584409,0,13.526698580142508,0,0,traj_0,car
46,47.93601043385834,0,13.626184102722751,0,0,traj_0,car
47,49.29862884413062,0,13.725669625302995,0,0,traj_0,car
48,50.67119580666092,0,13.825155147883239,0,0,traj_0,car
49,52.05371132144924,0,13.924640670463482,0,0,traj_0,car
50,53.44617538849559,0,14.024126193043726,0,0,traj_0,car
51,54.84858800779996,0,14.12361171562397,0,0,traj_0,car
52,56.260949179362356,0,14.223097238204213,0,0,traj_0,car
53,57.683258903182775,0,14.322582760784456,0,0,traj_0,car
54,59.11551717926122,0,14.4220682833647,0,0,traj_0,car
55,60.557724007597685,0,14.521553805944944,0,0,traj_0,car
56,62.00987938819218,0,14.621039328525187,0,0,traj_0,car
57,63.4719833210447,0,14.72052485110543,0,0,traj_0,car
58,64.94403580615524,0,14.820010373685674,0,0,traj_0,car
59,66.4260368435238,0,14.919495896265918,0,0,traj_0,car
60,67.91798643315039,0,15.018981418846161,0,0,traj_0,car
61,69.419884575035,0,15.118466941426405,0,0,traj_0,car
62,70.93173126917765,0,15.217952464006649,0,0,traj_0,car
63,72.45352651557832,0,15.317437986586892,0,0,traj_0,car
64,73.98527031423701,0,15.416923509167136,0,0,traj_0,car
65,75.52696266515373,0,15.51640903174738,0,0,traj_0,car
66,77.07860356832848,0,15.615894554327623,0,0,traj_0,car
67,78.64019302376124,0,15.715380076907866,0,0,traj_0,car
68,80.21173103145203,0,15.81486559948811,0,0,traj_0,car
69,81.79321759140085,0,15.914351122068354,0,0,traj_0,car
70,83.38465270360768,0,16.013836644648595,0,0,traj_0,car
71,84.98603636807255,0,16.113322167228837,0,0,traj_0,car
72,86.59736858479543,0,16.21280768980908,0,0,traj_0,car
73,88.21864935377634,0,16.31229321238932,0,0,traj_0,car
74,89.84987867501528,0,16.411778734969563,0,0,traj_0,car
75,91.49105654851223,0,16.511264257549804,0,0,traj_0,car
76,93.14218297426721,0,16.610749780130046,0,0,traj_0,car
77,94.80325795228022,0,16.710235302710288,0,0,traj_0,car
78,96.47428148255125,0,16.80972082529053,0,0,traj_0,car
79,98.1552535650803,0,16.90920634787077,0,0,traj_0,car
80,99.84617419986738,0,17.008691870451013,0,0,traj_0,car
81,101.54704338691248,0,17.108177393031255,0,0,traj_0,car
82,103.2578611262156,0,17.207662915611497,0,0,traj_0,car
83,104.97862741777675,0,17.30714843819174,0,0,traj_0,car
84,106.70934226159592,0,17.40663396077198,0,0,traj_0,car
85,108.45000565767312,0,17.506119483352222,0,0,traj_0,car
86,110.20061760600834,0,17.605605005932464,0,0,traj_0,car
87,111.96117810660158,0,17.705090528512706,0,0,traj_0,car
88,113.73168715945285,0,17.804576051092948,0,0,traj_0,car
89,115.51214476456214,0,17.90406157367319,0,0,traj_0,car
90,117.30255092192945,0,18.00354709625343,0,0,traj_0,car
91,119.10290563155479,0,18.103032618833673,0,0,traj_0,car
92,120.91320889343815,0,18.202518141413915,0,0,traj_0,car
93,122.73346070757954,0,18.302003663994157,0,0,traj_0,car
94,124.56366107397895,0,18.4014891865744,0,0,traj_0,car
95,126.40380999263638,0,18.50097470915464,0,0,traj_0,car
96,128.25390746355185,0,18.600460231734882,0,0,traj_0,car
97,130.11395348672534,0,18.699945754315124,0,0,traj_0,car
98,131.98394806215686,0,18.799431276895366,0,0,traj_0,car
99,133.86389118984638,0,18.898916799475607,0,0,traj_0,car
100,135.75378286979395,0,18.99840232205585,0,0,traj_0,car
101,137.65362310199953,0,19.09788784463609,0,0,traj_0,car
102,139.56341188646314,0,18.594391009225735,0,0,traj_0,car
103,141.42285098738571,0,18.09089417381538,0,0,traj_0,car
104,143.23194040476724,0,17.587397338405022,0,0,traj_0,car
105,144.99068013860776,0,17.083900502994666,0,0,traj_0,car
106,146.69907018890723,0,16.58040366758431,0,0,traj_0,car
107,148.35711055566566,0,16.076906832173954,0,0,traj_0,car
108,149.96480123888304,0,15.573409996763598,0,0,traj_0,car
109,151.5221422385594,0,15.069913161353242,0,0,traj_0,car
110,153.02913355469474,0,14.566416325942885,0,0,traj_0,car
111,154.48577518728902,0,14.06291949053253,0,0,traj_0,car
112,155.89206713634226,0,13.559422655122173,0,0,traj_0,car
113,157.2480094018545,0,13.055925819711817,0,0,traj_0,car
114,158.55360198382567,0,12.55242898430146,0,0,traj_0,car
115,159.8088448822558,0,12.048932148891105,0,0,traj_0,car
116,161.0137380971449,0,11.545435313480748,0,0,traj_0,car
117,162.168281628493,0,11.041938478070392,0,0,traj_0,car
118,163.27247547630003,0,10.538441642660036,0,0,traj_0,car
119,164.32631964056603,0,10.03494480724968,0,0,traj_0,car
120,165.329814121291,0,9.531447971839324,0,0,traj_0,car
121,166.28295891847495,0,9.027951136428968,0,0,traj_0,car
122,167.18575403211784,0,8.524454301018611,0,0,traj_0,car
123,168.0381994622197,0,8.020957465608255,0,0,traj_0,car
124,168.84029520878053,0,7.5174606301979,0,0,traj_0,car
125,169.59204127180033,0,7.013963794787545,0,0,traj_0,car
126,170.29343765127908,0,6.510466959377189,0,0,traj_0,car
127,170.9444843472168,0,6.006970123966834,0,0,traj_0,car
128,171.54518135961348,0,5.503473288556479,0,0,traj_0,car
129,172.09552868846913,0,4.9999764531461235,0,0,traj_0,car
130,172.59552633378374,0,4.496479617735768,0,0,traj_0,car
131,173.0451742955573,0,3.992982782325413,0,0,traj_0,car
132,173.44447257378985,0,3.4894859469150576,0,0,traj_0,car
133,173.79342116848136,0,2.9859891115047024,0,0,traj_0,car
134,174.09202007963182,0,2.482492276094347,0,0,traj_0,car
135,174.34026930724124,0,1.9789954406839918,0,0,traj_0,car
136,174.53816885130965,0,1.4754986052736365,0,0,traj_0,car
137,174.685718711837,0,0.9720017698632811,0,0,traj_0,car
138,174.78291888882333,0,0.46850493445292574,0,0,traj_0,car
139,174.82976938226864,0,0,0,0,traj_0,car
140,174.82976938226864,0,0,0,0,traj_0,car
141,174.82976938226864,0,0,0,0,traj_0,car
142,174.82976938226864,0,0,0,0,traj_0,car
143,174.82976938226864,0,0,0,0,traj_0,car
144,174.82976938226864,0,0,0,0,traj_0,car
145,174.82976938226864,0,0,0,0,traj_0,car
146,174.82976938226864,0,0,0,0,traj_0,car
147,174.82976938226864,0,0,0,0,traj_0,car
148,174.82976938226864,0,0,0,0,traj_0,car
149,174.82976938226864,0,0,0,0,traj_0,car
150,174.82976938226864,0,0,0,0,traj_0,car
151,174.82976938226864,0,0,0,0,traj_0,car
152,174.82976938226864,0,0,0,0,traj_0,car
153,174.82976938226864,0,0,0,0,traj_0,car
154,174.82976938226864,0,0,0,0,traj_0,car
155,174.82976938226864,0,0,0,0,traj_0,car
156,174.82976938226864,0,0,0,0,traj_0,car
157,174.82976938226864,0,0,0,0,traj_0,car
158,174.82976938226864,0,0,0,0,traj_0,car
159,174.82976938226864,0,0,0,0,traj_0,car
160,174.82976938226864,0,0,0,0,traj_0,car
1,-56.50025115486473,0,14.99748845135268,0,0,traj_1,car
2,-55.010450861987486,0,14.99748845135268,0,0,traj_1,car
3,-53.52065056911024,0,15.97748845135268,0,0,traj_1,car
4,-51.932850276233,0,16.95748845135268,0,0,traj_1,car
5,-50.24704998335575,0,17.93748845135268,0,0,traj_1,car
6,-48.463249690478506,0,18.917488451352682,0,0,traj_1,car
7,-46.58144939760126,0,19.897488451352682,0,0,traj_1,car
8,-44.60164910472402,0,20.877488451352683,0,0,traj_1,car
9,-42.523848811846776,0,21.857488451352683,0,0,traj_1,car
10,-40.348048518969534,0,22.837488451352684,0,0,traj_1,car
11,-38.074248226092294,0,23.671484367174756,0,0,traj_1,car
12,-35.71704834163285,0,24.287589163941508,0,0,traj_1,car
13,-33.298237977496726,0,24.70278991869764,0,0,traj_1,car
14,-30.83790753788498,0,24.941907701691584,0,0,traj_1,car
15,-28.353665319973846,0,25.03293577140238,0,0,traj_1,car
16,-25.860320295091633,0,25.001112367758022,0,0,traj_1,car
17,-23.37015761057386,0,24.868603794933843,0,0,traj_1,car
18,-20.8932457833385,0,24.65446732834209,0,0,traj_1,car
19,-18.437747602762315,0,24.375000115178665,0,0,traj_1,car
20,-16.010196143502476,0,24.044086899370043,0,0,traj_1,car
21,-13.615736005823496,0,23.67353127222379,0,0,traj_1,car
22,-11.25833143085914,0,23.273346344127553,0,0,traj_1,car
23,-8.94094534870441,0,22.852007320734252,0,0,traj_1,car
24,-6.66569316888901,0,22.416669128557807,0,0,traj_1,car
25,-4.433974808291257,0,21.9733536242125,0,0,traj_1,car
26,-2.2465879981280317,0,21.527110498872304,0,0,traj_1,car
27,-0.10382550049882511,0,21.08215556070546,0,0,traj_1,car
28,1.9944415033136984,0,20.641989582695274,0,0,traj_1,car
29,4.0486919093252,0,20.20950046338806,0,0,traj_1,car
30,6.05969340340598,0,19.787051060129606,0,0,traj_1,car
31,8.028449957160916,0,19.376554719732777,0,0,traj_1,car
32,9.956156876876168,0,18.97954024367727,0,0,traj_1,car
33,11.844162348985872,0,18.59720777795289,0,0,traj_1,car
34,13.693934574523137,0,18.230476905823735,0,0,traj_1,car
35,15.507033712847488,0,17.880028040159015,0,0,traj_1,car
36,17.285087964605363,0,17.54633805624858,0,0,traj_1,car
37,19.029773217972195,0,17.229710972504257,0,0,traj_1,car
38,20.742795762964597,0,16.930304371970664,0,0,traj_1,car
39,22.425877647903636,0,16.648152159412813,0,0,traj_1,car
40,24.08074431158689,0,16.38318416458158,0,0,traj_1,car
41,25.709114175787022,0,16.13524303008403,0,0,traj_1,car
42,27.312689926537395,0,15.904098760391218,0,0,traj_1,car
43,28.893151250318496,0,15.689461255433454,0,0,traj_1,car
44,30.45214882360382,0,15.490991106704122,0,0,traj_1,car
45,31.99129938201621,0,15.30830889473937,0,0,traj_1,car
46,33.512181719232125,0,15.141003193338193,0,0,traj_1,car
47,35.01633348630792,0,14.988637457143248,0,0,traj_1,car
48,36.50524867976422,0,14.850755944538134,0,0,traj_1,car
49,37.98037572196001,0,14.72688880664967,0,0,traj_1,car
50,39.44311605036695,0,14.616556455075237,0,0,traj_1,car
51,40.89482314361645,0,14.519273305357574,0,0,traj_1,car
52,42.33680192189418,0,14.434550979836299,0,0,traj_1,car
53,43.770308467619785,0,14.361901042002465,0,0,traj_1,car
54,45.196550019562004,0,14.300837324600462,0,0,traj_1,car
55,46.61668519976402,0,14.250877905229686,0,0,traj_1,car
56,48.03182443802897,0,14.211546775898794,0,0,traj_1,car
57,49.44303056336082,0,14.182375246708338,0,0,traj_1,car
58,50.85131953577363,0,14.162903118437875,0,0,traj_1,car
59,52.257661295359384,0,14.152679654166585,0,0,traj_1,car
60,53.66298070851801,0,14.151264376055163,0,0,traj_1,car
61,55.068158593865505,0,14.158227709969758,0,0,traj_1,car
62,56.47403281260446,0,14.173151497657424,0,0,traj_1,car
63,57.88139941011218,0,14.195629393619749,0,0,traj_1,car
64,59.29101379721614,0,14.225267161619154,0,0,traj_1,car
65,60.70359196112004,0,14.261682883841521,0,0,traj_1,car
66,62.11981169724618,0,14.304507094086752,0,0,traj_1,car
67,63.54031385439683,0,14.353382844929321,0,0,traj_1,car
68,64.96570358663173,0,14.407965717552544,0,0,traj_1,car
69,66.39655160612897,0,14.467923781886528,0,0,traj_1,car
70,67.8333954320596,0,14.532937513747534,0,0,traj_1,car
71,69.27674063117634,0,14.602699674866203,0,0,traj_1,car
72,70.72706204640494,0,14.676915160986736,0,0,traj_1,car
73,72.18480501024558,0,14.755300822604363,0,0,traj_1,car
74,73.650386540248,0,14.837585262371698,0,0,traj_1,car
75,75.12419651422715,0,14.923508612735297,0,0,traj_1,car
76,76.60659882324265,0,15.01282229695266,0,0,traj_1,car
77,78.09793250067989,0,15.105288776279249,0,0,traj_1,car
78,79.5985128260498,0,15.200681285798034,0,0,traj_1,car
79,81.10863240237157,0,15.29878356108478,0,0,traj_1,car
80,82.62856220622203,0,15.3993895576559,0,0,traj_1,car
81,84.1585526097296,0,15.50230316492767,0,0,traj_1,car
82,85.69883437396433,0,15.607337916222589,0,0,traj_1,car
83,87.24961961332856,0,15.714316696187057,0,0,traj_1,car
84,88.81110273068924,0,15.823071446832031,0,0,traj_1,car
85,90.38346132311442,0,15.933442873272226,0,0,traj_1,car
86,91.96685705818362,0,16.045280150117797,0,0,traj_1,car
87,93.56143652093738,0,16.158440629363664,0,0,traj_1,car
88,95.16733203161571,0,16.272789550523882,0,0,traj_1,car
89,96.78466243441007,0,16.38819975367078,0,0,traj_1,car
90,98.41353385751913,0,16.504551395959492,0,0,traj_1,car
91,100.05404044485704,0,16.621731672147273,0,0,traj_1,car
92,101.70626505981375,0,16.73963453955257,0,0,traj_1,car
93,103.37027996151096,0,16.858160447840582,0,0,traj_1,car
94,105.046147454037,0,16.977216073969352,0,0,traj_1,car
95,106.7339205091759,0,17.09671406258245,0,0,traj_1,car
96,108.43364336317613,0,17.21657277209105,0,0,traj_1,car
97,110.1453520881272,0,17.33671602664868,0,0,traj_1,car
98,111.86907513853406,0,17.457072874186053,0,0,traj_1,car
99,113.60483387369463,0,17.577577350640937,0,0,traj_1,car
100,115.35264305650071,0,17.698168250488205,0,0,traj_1,car
101,117.1125113292915,0,17.818788903648443,0,0,traj_1,car
102,118.94473990319739,0,17.939386958828887,0,0,traj_1,car
103,120.7890282826213,0,17.97377383647249,0,0,traj_1,car
104,122.63675534980958,0,17.934210961157657,0,0,traj_1,car
105,124.4805261294664,0,17.825003394771137,0,0,traj_1,car
106,126.31337615248455,0,17.65586872643669,0,0,traj_1,car
107,128.12931270866926,0,17.43513434876033,0,0,traj_1,car
108,129.9231758270863,0,17.17038290685254,0,0,traj_1,car
109,131.6905638013126,0,16.86813722660712,0,0,traj_1,car
110,133.42772720751435,0,16.534012322555327,0,0,traj_1,car
111,135.13147812331093,0,16.172813521085885,0,0,traj_1,car
112,136.79910915896053,0,15.788650021725992,0,0,traj_1,car
113,138.42832384467417,0,15.385032144982706,0,0,traj_1,car
114,140.01717674271347,0,14.964956912210237,0,0,traj_1,car
115,141.56402211747553,0,14.530981566676978,0,0,traj_1,car
116,143.06746995768427,0,14.085286769243716,0,0,traj_1,car
117,144.52634831814967,0,13.629730787936886,0,0,traj_1,car
118,145.9396710804844,0,13.165895955935422,0,0,traj_1,car
119,147.30661035961896,0,12.695128489309598,0,0,traj_1,car
120,148.62647289209096,0,12.21857261080512,0,0,traj_1,car
121,149.89867983671252,0,11.737199791606168,0,0,traj_1,car
122,151.12274949941417,0,11.251833807949481,0,0,traj_1,car
123,152.29828256375015,0,10.763172210081843,0,0,traj_1,car
124,153.4249494682994,0,10.271804715815804,0,0,traj_1,car
125,154.502479623422,0,9.778228967813924,0,0,traj_1,car
126,155.53065220374444,0,9.282864031042191,0,0,traj_1,car
127,156.50928829038966,0,8.78606195309161,0,0,traj_1,car
128,157.43824416923988,0,8.28811766399922,0,0,traj_1,car
129,158.31740561918085,0,7.789277452710503,0,0,traj_1,car
130,159.14668304799292,0,7.289746223474948,0,0,traj_1,car
131,159.92600735388143,0,6.789693706450035,0,0,traj_1,car
132,160.65532640806748,0,6.289259771915712,0,0,traj_1,car
133,161.33460206880008,0,5.788558976179722,0,0,traj_1,car
134,161.9638076499591,0,5.287684448976673,0,0,traj_1,car
135,162.54292577839777,0,4.786711216495723,0,0,traj_1,car
136,163.07194658358839,0,4.285699040740425,0,0,traj_1,car
137,163.55086617120347,0,3.7846948444103052,0,0,traj_1,car
138,163.97968533918552,0,3.283734780623167,0,0,traj_1,car
139,164.35490931069316,0,2.78284599833537,0,0,traj_1,car
140,164.6331939105267,0,2.2820481470631053,0,0,traj_1,car
141,164.861398725233,0,1.781354658288644,0,0,traj_1,car
142,165.03953419106188,0,1.2811337522993713,0,0,traj_1,car
143,165.1676475662918,0,0.7865269367664995,0,0,traj_1,car
144,165.24630025996845,0,0.30208224512680737,0,0,traj_1,car
145,165.27650848448113,0,0,0,0,traj_1,car
146,165.27650848448113,0,0,0,0,traj_1,car
147,165.27650848448113,0,0,0,0,traj_1,car
148,165.27650848448113,0,0,0,0,traj_1,car
149,165.27650848448113,0,0,0,0,traj_1,car
150,165.27650848448113,0,0,0,0,traj_1,car
151,165.27650848448113,0,0,0,0,traj_1,car
152,165.27650848448113,0,0,0,0,traj_1,car
153,165.27650848448113,0,0,0,0,traj_1,car
154,165.27650848448113,0,0,0,0,traj_1,car
155,165.27650848448113,0,0,0,0,traj_1,car
156,165.27650848448113,0,0,0,0,traj_1,car
157,165.27650848448113,0,0,0,0,traj_1,car
158,165.27650848448113,0,0,0,0,traj_1,car
159,165.27650848448113,0,0,0,0,traj_1,car
160,165.27650848448113,0,0,0,0,traj_1,car
1,-110.1978642367144,0,18.02135763285605,0,0,traj_2,car
2,-108.4056770256868,0,18.02135763285605,0,0,traj_2,car
3,-106.71148981465922,0,19.00135763285605,0,0,traj_2,car
4,-104.91930260363165,0,19.98135763285605,0,0,traj_2,car
5,-103.02911539260407,0,20.96135763285605,0,0,traj_2,car
6,-101.04092818157649,0,21.94135763285605,0,0,traj_2,car
7,-98.95474097054891,0,22.92135763285605,0,0,traj_2,car
8,-96.77055375952133,0,23.90135763285605,0,0,traj_2,car
9,-94.48836654849376,0,24.88135763285605,0,0,traj_2,car
10,-92.10817933746618,0,25.861357632856052,0,0,traj_2,car
11,-89.61539171802082,0,26.841357632856052,0,0,traj_2,car
12,-87.0028149866699,0,27.821357632856053,0,0,traj_2,car
13,-84.27214785111795,0,28.801357632856053,0,0,traj_2,car
14,-81.42587241838976,0,29.781357632856054,0,0,traj_2,car
15,-78.46678801433326,0,30.761357632856054,0,0,traj_2,car
16,-75.39741846294123,0,31.741357632856054,0,0,traj_2,car
17,-72.21998039463125,0,32.711479708354126,0,0,traj_2,car
18,-68.93736732939468,0,33.46394225076694,0,0,traj_2,car
19,-65.57297493525967,0,34.004454333027695,0,0,traj_2,car
20,-62.14938673263406,0,34.33962410938722,0,0,traj_2,car
21,-58.688317311238734,0,34.49102341929805,0,0,traj_2,car
22,-55.209145028757334,0,34.4800813547991,0,0,traj_2,car
23,-51.72895154319612,0,34.32790033314039,0,0,traj_2,car
24,-48.262576242922464,0,34.05409175948822,0,0,traj_2,car
25,-44.822784068797134,0,33.676696004523066,0,0,traj_2,car
26,-41.42043870806883,0,33.212136433568475,0,0,traj_2,car
27,-38.06467812315333,0,32.6752735539326,0,0,traj_2,car
28,-34.763082722217064,0,32.0794796218795,0,0,traj_2,car
29,-31.521834400356422,0,31.436728298761253,0,0,traj_2,car
30,-28.345865182412478,0,30.757689772275896,0,0,traj_2,car
31,-25.238995123403228,0,30.051827823183483,0,0,traj_2,car
32,-22.204059445737354,0,29.327496094939658,0,0,traj_2,car
33,-19.24302514192897,0,28.59203182931961,0,0,traj_2,car
34,-16.35709742404212,0,27.851845851322366,0,0,traj_2,car
35,-13.546816504601434,0,27.112508002363015,0,0,traj_2,car
36,-10.812145258232114,0,26.378827524184693,0,0,traj_2,car
37,-8.152548349697238,0,25.654928128419886,0,0,traj_2,car
38,-5.567063429059914,0,24.944317661732942,0,0,traj_2,car
39,-3.0543649938888606,0,24.249952406953266,0,0,traj_2,car
40,-0.6128215059684372,0,23.574296155757086,0,0,traj_2,car
41,1.759453670799001,0,22.919374255798953,0,0,traj_2,car
42,4.064556971090148,0,22.28682288073778,0,0,traj_2,car
43,6.304754457401682,0,21.67793380019932,0,0,traj_2,car
44,8.482446300036525,0,21.09369494227252,0,0,traj_2,car
45,10.600135463202228,0,20.534827046785367,0,0,traj_2,car
46,12.66040018576286,0,20.00181670585114,0,0,traj_2,car
47,14.665869877709447,0,19.494946081010063,0,0,traj_2,car
48,16.619204084812942,0,19.014319575287388,0,0,traj_2,car
49,18.523074203872497,0,18.559887724882067,0,0,traj_2,car
50,20.380147659260125,0,18.13146855995064,0,0,traj_2,car
51,22.19307427796893,0,17.728766667798226,0,0,traj_2,car
52,23.96447462504285,0,17.351390175294686,0,0,traj_2,car
53,25.69693008409768,0,16.998865850919003,0,0,traj_2,car
54,27.39297448867175,0,16.670652510806008,0,0,traj_2,car
55,29.0550871294314,0,16.36615289774491,0,0,traj_2,car
56,30.685686979880956,0,16.084724187406888,0,0,traj_2,car
57,32.28712799928267,0,15.825687262252682,0,0,traj_2,car
58,33.86169538607695,0,15.588334880642988,0,0,traj_2,car
59,35.41160266831035,0,15.371938856663991,0,0,traj_2,car
60,36.93898952952986,0,15.175756355084195,0,0,traj_2,car
61,38.445920279388794,0,14.999035395655115,0,0,traj_2,car
62,39.93438288792752,0,14.841019651624281,0,0,traj_2,car
63,41.406288511235694,0,14.700952618801814,0,0,traj_2,car
64,42.863471444057915,0,14.57808122376469,0,0,traj_2,car
65,44.30768944195413,0,14.471658932745079,0,0,traj_2,car
66,45.740624361946104,0,14.380948416379608,0,0,traj_2,car
67,47.16388307624178,0,14.305223819743647,0,0,traj_2,car
68,48.5789986186958,0,14.243772681908885,0,0,traj_2,car
69,49.987431528195266,0,14.19589754459522,0,0,traj_2,car
70,51.390571357210675,0,14.160917285293616,0,0,traj_2,car
71,52.78973831737015,0,14.13816820647205,0,0,traj_2,car
72,54.18618503714728,0,14.127004909101442,0,0,traj_2,car
73,55.58109840963763,0,14.126800975715472,0,0,traj_2,car
74,56.97560151097442,0,14.13694948551261,0,0,traj_2,car
75,58.37075557223131,0,14.156863381589112,0,0,traj_2,car
76,59.76756198971045,0,14.185975708228982,0,0,traj_2,car
77,61.16696436034266,0,14.223739734244727,0,0,traj_2,car
78,62.56985053055725,0,14.269628976637131,0,0,traj_2,car
79,63.97705464843425,0,14.323137137301497,0,0,traj_2,car
80,65.38935921024927,0,14.383777964132364,0,0,traj_2,car
81,66.80749709367731,0,14.451085046650892,0,0,traj_2,car
82,68.23215357095486,0,14.524611555183073,0,0,traj_2,car
83,69.6639682962187,0,14.603929931638401,0,0,traj_2,car
84,71.10353726206002,0,14.688631539064966,0,0,traj_2,car
85,72.55141472106448,0,14.778326276376571,0,0,traj_2,car
86,74.00811506875955,0,14.872642163950323,0,0,traj_2,car
87,75.47411468497197,0,14.971224905170079,0,0,traj_2,car
88,76.94985373111493,0,15.073737428434072,0,0,traj_2,car
89,78.43573790138561,0,15.179859413646657,0,0,traj_2,car
90,79.93214012626339,0,15.289286806768171,0,0,traj_2,car
91,81.43940222706338,0,15.401731325597478,0,0,traj_2,car
92,82.95783652062458,0,15.516919959603971,0,0,traj_2,car
93,84.48772737349815,0,15.634594466304968,0,0,traj_2,car
94,86.02933270525774,0,15.754510866396636,0,0,traj_2,car
95,87.58288544077806,0,15.876438939588319,0,0,traj_2,car
96,89.14859491152802,0,16.00016172285807,0,0,traj_2,car
97,90.72664820610002,0,16.125475012638745,0,0,traj_2,car
98,92.31721147035215,0,16.25218687225653,0,0,traj_2,car
99,93.92043115767429,0,16.380117145775106,0,0,traj_2,car
100,95.53643523000906,0,16.50909697924693,0,0,traj_2,car
101,97.16533431035968,0,16.638968350236336,0,0,traj_2,car
102,98.86752102340633,0,16.7695836063562,0,0,traj_2,car
103,100.59139037981862,0,16.900805013448874,0,0,traj_2,car
104,102.33577685223601,0,17.020198551534342,0,0,traj_2,car
105,104.09906714756914,0,17.11885517830685,0,0,traj_2,car
106,105.87821581577433,0,17.188864965270994,0,0,traj_2,car
107,107.66952543361009,0,17.22493588332216,0,0,traj_2,car
108,109.4688438496741,0,17.22374315899078,0,0,traj_2,car
109,111.27179241713877,0,17.18366279643092,0,0,traj_2,car
110,113.07392087072807,0,17.104360352792245,0,0,traj_2,car
111,114.87082646969529,0,16.98647183793625,0,0,traj_2,car
112,116.65823968696591,0,16.831332012267037,0,0,traj_2,car
113,118.43208435940798,0,16.640759911214626,0,0,traj_2,car
114,120.18851755734772,0,16.41688977383512,0,0,traj_2,car
115,121.9239537528256,0,16.16204029835824,0,0,traj_2,car
116,123.6350769459458,0,15.878614768552461,0,0,traj_2,car
117,125.31884370447276,0,15.569026041122653,0,0,traj_2,car
118,126.9724794753262,0,15.235641344795924,0,0,traj_2,car
119,128.5934700400094,0,14.880742774235927,0,0,traj_2,car
120,130.17954958882447,0,14.506500122165859,0,0,traj_2,car
121,131.728686566502,0,14.114953330392733,0,0,traj_2,car
122,133.23906818144798,0,13.708002364307811,0,0,traj_2,car
123,134.70908426120656,0,13.287402746059664,0,0,traj_2,car
124,136.13731096878018,0,12.85476533409564,0,0,traj_2,car
125,137.52249476053098,0,12.411559224669844,0,0,traj_2,car
126,138.86353686021616,0,11.959116885412008,0,0,traj_2,car
127,140.15947844009344,0,11.498640821517666,0,0,traj_2,car
128,141.4094866346955,0,11.031211229342627,0,0,traj_2,car
129,142.61284146229968,0,10.557794216630423,0,0,traj_2,car
130,143.7689236904273,0,10.079250268628787,0,0,traj_2,car
131,144.8772036525337,0,9.596342719396528,0,0,traj_2,car
132,145.9372310014678,0,9.109746051332394,0,0,traj_2,car
133,146.94862536971567,0,8.620053896399723,0,0,traj_2,car
134,147.911067895617,0,8.127786652170391,0,0,traj_2,car
135,148.82429356762316,0,7.6333986567221155,0,0,traj_2,car
136,149.68808433441194,0,7.137284890281803,0,0,traj_2,car
137,150.50226292661415,0,6.63978718969781,0,0,traj_2,car
138,151.26668733550366,0,6.141199975477771,0,0,traj_2,car
139,151.97774670472555,0,5.64177550117052,0,0,traj_2,car
140,152.59200403996982,0,5.1417286420533586,0,0,traj_2,car
141,153.1562462530526,0,4.641241245021117,0,0,traj_2,car
142,153.67039246815366,0,4.140466064756208,0,0,traj_2,car
143,154.13389975618256,0,3.6395817297595734,0,0,traj_2,car
144,154.54630239832247,0,3.1394710857857016,0,0,traj_2,car
145,154.89045773141373,0,2.641539666915407,0,0,traj_2,car
146,155.15461169810527,0,2.147614084294345,0,0,traj_2,car
147,155.3693731065347,0,1.6597622527115292,0,0,traj_2,car
148,155.53534933180586,0,1.181882905796596,0,0,traj_2,car
149,155.6535376223855,0,0.7188599696591111,0,0,traj_2,car
150,155.72542361935143,0,0.2720379040472749,0,0,traj_2,car
151,155.75262740975614,0,0,0,0,traj_2,car
152,155.75262740975614,0,0,0,0,traj_2,car
153,155.75262740975614,0,0,0,0,traj_2,car
154,155.75262740975614,0,0,0,0,traj_2,car
155,155.75262740975614,0,0,0,0,traj_2,car
156,155.75262740975614,0,0,0,0,traj_2,car
157,155.75262740975614,0,0,0,0,traj_2,car
158,155.75262740975614,0,0,0,0,traj_2,car
159,155.75262740975614,0,0,0,0,traj_2,car
160,155.75262740975614,0,0,0,0,traj_2,car
1,-163.9449247171019,0,20.55075282898085,0,0,traj_3,car
2,-161.89979798646183,0,20.55075282898085,0,0,traj_3,car
3,-160.05067125582178,0,21.53075282898085,0,0,traj_3,car
4,-158.10354452518172,0,22.510752828980852,0,0,traj_3,car
5,-156.05841779454164,0,23.490752828980852,0,0,traj_3,car
6,-153.91529106390158,0,24.470752828980853,0,0,traj_3,car
7,-151.67416433326153,0,25.450752828980853,0,0,traj_3,car
8,-149.33503760262147,0,26.430752828980854,0,0,traj_3,car
9,-146.89791087198142,0,27.410752828980854,0,0,traj_3,car
10,-144.36278414134136,0,28.390752828980855,0,0,traj_3,car
11,-141.71505700228352,0,29.370752828980855,0,0,traj_3,car
12,-138.9475407513201,0,30.350752828980855,0,0,traj_3,car
13,-136.06193409615565,0,31.330752828980856,0,0,traj_3,car
14,-133.060719143815,0,32.31075282898085,0,0,traj_3,car
15,-129.946695220146,0,33.29075282898085,0,0,traj_3,car
16,-126.7223861491415,0,34.27075282898085,0,0,traj_3,car
17,-123.38902076876886,0,35.25075282898084,0,0,traj_3,car
18,-119.92772664571089,0,36.23075282898084,0,0,traj_3,car
19,-116.34070440198056,0,37.21075282898084,0,0,traj_3,car
20,-112.6300033273956,0,38.190752828980834,0,0,traj_3,car
21,-108.798960965032,0,38.89,0,0,traj_3,car
22,-104.87879681803051,0,38.89,0,0,traj_3,car
23,-100.94239336578332,0,38.89,0,0,traj_3,car
24,-96.9924272414585,0,38.89,0,0,traj_3,car
25,-93.03130466778546,0,38.89,0,0,traj_3,car
26,-89.061172950414,0,38.89,0,0,traj_3,car
27,-85.08393972089178,0,38.89,0,0,traj_3,car
28,-81.10129228214345,0,38.89,0,0,traj_3,car
29,-77.11471679015894,0,38.89,0,0,traj_3,car
30,-73.12551654944258,0,38.77663622814517,0,0,traj_3,car
31,-69.14616564993716,0,38.543257172018855,0,0,traj_3,car
32,-65.18965386456337,0,38.19461893528443,0,0,traj_3,car
33,-61.2683608501585,0,37.74359686439362,0,0,traj_3,car
34,-57.39325803096453,0,37.20367690272393,0,0,traj_3,car
35,-53.57386022148775,0,36.58810703641984,0,0,traj_3,car
36,-49.81826102389492,0,35.90927261193387,0,0,traj_3,car
37,-46.13322966700865,0,35.178604457749486,0,0,traj_3,car
38,-42.524316066769664,0,34.406553952952414,0,0,traj_3,car
39,-38.9959574769987,0,33.602619425155055,0,0,traj_3,car
40,-35.551581662138474,0,32.77538571430909,0,0,traj_3,car
41,-32.19370533952002,0,31.93257135041913,0,0,traj_3,car
42,-28.924027192260745,0,31.081078908249548,0,0,traj_3,car
43,-25.743515195144187,0,30.227046860321128,0,0,traj_3,car
44,-22.652488160704483,0,29.3759017245214,0,0,traj_3,car
45,-19.650691529765176,0,28.53240969732308,0,0,traj_3,car
46,-16.73736750805735,0,27.70072715793033,0,0,traj_3,car
47,-13.911319708418738,0,26.884449582224512,0,0,traj_3,car
48,-11.17097250062153,0,26.08665852378258,0,0,traj_3,car
49,-8.514425301671924,0,25.30996641695266,0,0,traj_3,car
50,-5.939502060584093,0,24.556559037366657,0,0,traj_3,car
51,-3.4437962049184456,0,23.82823552137798,0,0,traj_3,car
52,-1.0247113232361933,0,23.12644589975122,0,0,traj_3,car
53,1.3205021407018585,0,22.452326144267886,0,0,traj_3,car
54,3.5947139086221185,0,21.80673076027466,0,0,traj_3,car
55,5.800884335634741,0,21.19026298494152,0,0,traj_3,car
56,7.94203806583776,0,20.603302671306775,0,0,traj_3,car
57,10.02124062614488,0,20.046031953110347,0,0,traj_3,car
58,12.041577720185902,0,19.51845879586608,0,0,traj_3,car
59,14.00613699633951,0,19.020438546389062,0,0,traj_3,car
60,15.917992076689508,0,18.55169359675486,0,0,traj_3,car
61,17.780188646658413,0,18.11183128000738,0,0,traj_3,car
62,19.59573241803545,0,17.700360114346754,0,0,traj_3,car
63,21.36757879089812,0,17.316704510437763,0,0,traj_3,car
64,23.09862405238765,0,16.96021805323596,0,0,traj_3,car
65,24.791697962332954,0,16.630195465626805,0,0,traj_3,car
66,26.449557587249643,0,16.325883356457286,0,0,traj_3,car
67,28.074882255216686,0,16.046489850409753,0,0,traj_3,car
68,29.67026951452079,0,15.79119319178784,0,0,traj_3,car
69,31.238231988739514,0,15.55914940878542,0,0,traj_3,car
70,32.78119503010411,0,15.349499119296835,0,0,traj_3,car
71,34.301495081546065,0,15.161373553881841,0,0,traj_3,car
72,35.80137866580123,0,14.993899866185025,0,0,traj_3,car
73,37.28300192733854,0,14.846205795974376,0,0,traj_3,car
74,38.74843065972151,0,14.717423745041216,0,0,traj_3,car
75,40.19964075732361,0,14.606694321517692,0,0,traj_3,car
76,41.63851903613161,0,14.513169403733126,0,0,traj_3,car
77,43.06686437371266,0,14.436014770554824,0,0,traj_3,car
78,44.48638912331902,0,14.374412341244497,0,0,traj_3,car
79,45.89872076159032,0,14.327562064206495,0,0,traj_3,car
80,47.30540373341275,0,14.294683490602832,0,0,traj_3,car
81,48.70790146123599,0,14.27501706565484,0,0,traj_3,car
82,50.107598489560715,0,14.26782516753215,0,0,traj_3,car
83,51.50580273841393,0,14.272392921035713,0,0,traj_3,car
84,52.90374784245232,0,14.288028810800606,0,0,traj_3,car
85,54.302595554899185,0,14.314065116464242,0,0,traj_3,car
86,55.70343819784565,0,14.349858190153629,0,0,traj_3,car
87,57.10730114255642,0,14.394788594729096,0,0,traj_3,car
88,58.515145305328886,0,14.448261119469167,0,0,traj_3,car
89,59.92786964618182,0,14.509704688280134,0,0,traj_3,car
90,61.34631365921079,0,14.578572174052944,0,0,traj_3,car
91,62.77125984485633,0,14.654340131458406,0,0,traj_3,car
92,64.20343615560297,0,14.736508459259161,0,0,traj_3,car
93,65.64351840777196,0,14.824600002113565,0,0,traj_3,car
94,67.09213265310325,0,14.918160100843647,0,0,traj_3,car
95,68.5498575047491,0,15.016756099228045,0,0,traj_3,car
96,70.01722641313606,0,15.11997681455341,0,0,traj_3,car
97,71.49472988789952,0,15.227431978407024,0,0,traj_3,car
98,72.9828176627667,0,15.338751653512384,0,0,traj_3,car
99,74.48190080086256,0,15.4535856317922,0,0,traj_3,car
100,75.99235373845187,0,15.57160281828384,0,0,traj_3,car
101,77.51451626560724,0,15.69249060502556,0,0,traj_3,car
102,79.10899367852082,0,15.81595423857301,0,0,traj_3,car
103,80.72437795744553,0,15.941716184390247,0,0,traj_3,car
104,82.36091619314851,0,16.06951549098368,0,0,traj_3,car
105,84.01927251974932,0,16.1973491902492,0,0,traj_3,car
106,85.69926961045232,0,16.322225082395267,0,0,traj_3,car
107,87.40030814819539,0,16.440319545483533,0,0,traj_3,car
108,89.12128420290868,0,16.547503254904417,0,0,traj_3,car
109,90.8606168162207,0,16.639673858082528,0,0,traj_3,car
110,92.61627662033904,0,16.71302908632995,0,0,traj_3,car
111,94.38583794414562,0,16.76423404469306,0,0,traj_3,car
112,96.16654136465885,0,16.7905164569327,0,0,traj_3,car
113,97.95536169167272,0,16.78970347384073,0,0,traj_3,car
114,99.74907625961302,0,16.76021791059724,0,0,traj_3,car
115,101.5443302163148,0,16.7010467241603,0,0,traj_3,car
116,103.33769660499578,0,16.61169206903704,0,0,traj_3,car
117,105.12572996631418,0,16.49211253784417,0,0,traj_3,car
118,106.90501285647245,0,16.342660159344504,0,0,traj_3,car
119,108.67219515966651,0,16.164017087151016,0,0,traj_3,car
120,110.4240264049801,0,15.957134664842865,0,0,traj_3,car
121,112.15738151610265,0,15.723176605725541,0,0,traj_3,car
122,113.86928055519039,0,15.463467320057953,0,0,traj_3,car
123,115.55690309234879,0,15.17944590543805,0,0,traj_3,car
124,117.21759785705666,0,14.87262594516894,0,0,traj_3,car
125,118.84888832085737,0,14.544561000818018,0,0,traj_3,car
126,120.44847483208315,0,14.196815511982813,0,0,traj_3,car
127,122.01423388100694,0,13.830940707307231,0,0,traj_3,car
128,123.54421502340547,0,13.448455069468832,0,0,traj_3,car
129,125.0366359362935,0,13.050828870274588,0,0,traj_3,car
130,126.4898760245857,0,12.639472290183193,0,0,traj_3,car
131,127.90246894377074,0,12.215726651866982,0,0,traj_3,car
132,129.27309435275833,0,11.780858324026017,0,0,traj_3,car
133,130.60056916376882,0,11.336054885208005,0,0,traj_3,car
134,131.8838385129739,0,10.882423174640614,0,0,traj_3,car
135,133.1219666367719,0,10.420988895699013,0,0,traj_3,car
136,134.3141278041024,0,9.952697475944031,0,0,traj_3,car
137,135.45959742492926,0,9.478415924530186,0,0,traj_3,car
138,136.557743428724,0,8.998935462449795,0,0,traj_3,car
139,137.6045187940738,0,8.514974733098557,0,0,traj_3,car
140,138.5561007384226,0,8.02718342978872,0,0,traj_3,car
141,139.45893716998214,0,7.53614620302741,0,0,traj_3,car
142,140.31265139891033,0,7.042386733661997,0,0,traj_3,car
143,141.11643918732946,0,6.546371878491308,0,0,traj_3,car
144,141.86953190873993,0,6.048523158059531,0,0,traj_3,car
145,142.55438559094563,0,5.549323582467979,0,0,traj_3,car
146,143.15871050745451,0,5.049383876956414,0,0,traj_3,car
147,143.71243407830843,0,4.549491746586491,0,0,traj_3,car
148,144.2151711876586,0,4.050626781802524,0,0,traj_3,car
149,144.66653615945256,0,3.5541993967661534,0,0,traj_3,car
150,145.0666383056904,0,3.062132579614828,0,0,traj_3,car
151,145.40005535405658,0,2.576301584372939,0,0,traj_3,car
152,145.65768551249388,0,2.098521490188302,0,0,traj_3,car
153,145.8675376615127,0,1.6304729176988337,0,0,traj_3,car
154,146.03058495328258,0,1.1753202345352203,0,0,traj_3,car
155,146.1481169767361,0,0.7368929839506538,0,0,traj_3,car
156,146.22180627513117,0,0.3158022474831158,0,0,traj_3,car
157,146.2533864998795,0,0,0,0,traj_3,car
158,146.2533864998795,0,0,0,0,traj_3,car
159,146.2533864998795,0,0,0,0,traj_3,car
160,146.2533864998795,0,0,0,0,traj_3,car
1,-222.580037177789,0,34.199628222110185,0,0,traj_4,bus
2,-219.17002290783597,0,34.199628222110185,0,0,traj_4,bus
3,-216.054008637883,0,35.17962822211018,0,0,traj_4,bus
4,-212.83999436793,0,36.15962822211018,0,0,traj_4,bus
5,-209.52798009797698,0,37.139628222110176,0,0,traj_4,bus
6,-206.11796582802398,0,38.11962822211017,0,0,traj_4,bus
7,-202.609951558071,0,38.89,0,0,traj_4,bus
8,-199.02490011032904,0,38.89,0,0,traj_4,bus
9,-195.43984866258705,0,38.89,0,0,traj_4,bus
10,-191.8547972148451,0,38.89,0,0,traj_4,bus
11,-188.25514535868533,0,38.89,0,0,traj_4,bus
12,-184.63370439062,0,38.89,0,0,traj_4,bus
13,-180.99217301835364,0,38.89,0,0,traj_4,bus
14,-177.33303334891107,0,38.89,0,0,traj_4,bus
15,-173.65908470814017,0,38.89,0,0,traj_4,bus
16,-169.97285092003375,0,38.89,0,0,traj_4,bus
17,-166.27556082255919,0,38.89,0,0,traj_4,bus
18,-162.5483419823993,0,38.89,0,0,traj_4,bus
19,-158.79339502156705,0,38.89,0,0,traj_4,bus
20,-155.01276922988018,0,38.89,0,0,traj_4,bus
21,-151.18172686751657,0,38.89,0,0,traj_4,bus
22,-147.2615627205151,0,38.89,0,0,traj_4,bus
23,-143.3251592682679,0,38.89,0,0,traj_4,bus
24,-139.37519314394308,0,38.89,0,0,traj_4,bus
25,-135.41407057027004,0,38.89,0,0,traj_4,bus
26,-131.44393885289858,0,38.89,0,0,traj_4,bus
27,-127.46670562337636,0,38.89,0,0,traj_4,bus
28,-123.48405818462803,0,38.89,0,0,traj_4,bus
29,-119.4974826926435,0,38.89,0,0,traj_4,bus
30,-115.49694607474167,0,38.89,0,0,traj_4,bus
31,-111.48292089243813,0,38.89,0,0,traj_4,bus
32,-107.4568710005928,0,38.89,0,0,traj_4,bus
33,-103.42093767262729,0,38.89,0,0,traj_4,bus
34,-99.37720254370572,0,38.89,0,0,traj_4,bus
35,-95.32761543787092,0,38.89,0,0,traj_4,bus
36,-91.27394350147148,0,38.89,0,0,traj_4,bus
37,-87.21777259036014,0,38.80920670371891,0,0,traj_4,bus
38,-83.16859371504452,0,38.61121451300549,0,0,traj_4,bus
39,-79.13937561648851,0,38.29921438204968,0,0,traj_4,bus
40,-75.14261693485422,0,37.882388336092966,0,0,traj_4,bus
41,-71.18975891366838,0,37.37281248524911,0,0,traj_4,bus
42,-67.29090740870916,0,36.78262509960724,0,0,traj_4,bus
43,-63.45483758766399,0,36.123543280822254,0,0,traj_4,bus
44,-59.6890463975942,0,35.40659809710332,0,0,traj_4,bus
45,-55.999830926676864,0,34.64207453758842,0,0,traj_4,bus
46,-52.39237216700323,0,33.83949211931496,0,0,traj_4,bus
47,-48.87082011365557,0,33.00761068694725,0,0,traj_4,bus
48,-45.438377689541895,0,32.15444653418691,0,0,traj_4,bus
49,-42.097382478868866,0,31.287295433741548,0,0,traj_4,bus
50,-38.84938559814354,0,30.412760244205725,0,0,traj_4,bus
51,-35.69522727019512,0,29.53678183262428,0,0,traj_4,bus
52,-32.63510879522556,0,28.664672325910853,0,0,traj_4,bus
53,-29.668660713123217,0,27.801149905989615,0,0,traj_4,bus
54,-26.79500703063146,0,26.950374490520325,0,0,traj_4,bus
55,-24.012825453060955,0,26.115983748099833,0,0,traj_4,bus
56,-21.32040361517863,0,25.301128988325967,0,0,traj_4,bus
57,-18.71569135134995,0,24.50851054790022,0,0,traj_4,bus
58,-16.196349082105513,0,23.74041236517809,0,0,traj_4,bus
59,-13.759792424073002,0,22.998735498195295,0,0,traj_4,bus
60,-11.40323315357896,0,22.28503039588801,0,0,traj_4,bus
61,-9.123716672021992,0,21.600527779651852,0,0,traj_4,bus
62,-6.918156134114444,0,20.9461680331912,0,0,traj_4,bus
63,-4.783363408976431,0,20.322629033429504,0,0,traj_4,bus
64,-2.716077049467547,0,19.730352384689986,0,0,traj_4,bus
65,-0.712987447615923,0,19.16956804299481,0,0,traj_4,bus
66,1.229240645954519,0,18.640317337714777,0,0,traj_4,bus
67,3.1139480626520637,0,18.14247441443914,0,0,traj_4,bus
68,4.944463444221297,0,17.675766136295127,0,0,traj_4,bus
69,6.724087591190994,0,17.239790491458198,0,0,traj_4,bus
70,8.456079769771723,0,16.834033562646606,0,0,traj_4,bus
71,10.143645822090157,0,16.457885120338705,0,0,traj_4,bus
72,11.78992793176069,0,16.11065290560336,0,0,traj_4,bus
73,13.397995904260895,0,15.791575671072943,0,0,traj_4,bus
74,14.970839829247037,0,15.499835049962739,0,0,traj_4,bus
75,16.511363999693643,0,15.234566323368101,0,0,traj_4,bus
76,18.022381970465148,0,14.994868155542537,0,0,traj_4,bus
77,19.506612646544966,0,14.779811365641658,0,0,traj_4,bus
78,20.966677298591044,0,14.588446802653385,0,0,traj_4,bus
79,22.40509741070703,0,14.419812388047077,0,0,traj_4,bus
80,23.82429327227389,0,14.272939388168622,0,0,traj_4,bus
81,25.226583232348503,0,14.14685797567426,0,0,traj_4,bus
82,26.614183541487442,0,14.040602136408069,0,0,traj_4,bus
83,27.989208711877886,0,13.9532139751492,0,0,traj_4,bus
84,29.353672332351138,0,13.883747470637049,0,0,traj_4,bus
85,30.709488280215282,0,13.831271727267652,0,0,traj_4,bus
86,32.058472276873154,0,13.794873767877174,0,0,traj_4,bus
87,33.402343738898736,0,13.7736609091152,0,0,traj_4,bus
88,34.742727880635805,0,13.766762758082981,0,0,traj_4,bus
89,36.08115802846902,0,13.773332866185735,0,0,traj_4,bus
90,37.41907811071127,0,13.792550073535168,0,0,traj_4,bus
91,38.75784529056449,0,13.823619574746692,0,0,traj_4,bus
92,40.09873271285988,0,13.865773734610366,0,0,traj_4,bus
93,41.44293233827855,0,13.918272679877907,0,0,traj_4,bus
94,42.79155784151326,0,13.980404691300764,0,0,traj_4,bus
95,44.145647552366384,0,14.051486418075081,0,0,traj_4,bus
96,45.50616742110551,0,14.130862934995939,0,0,traj_4,bus
97,46.87401399152787,0,14.217907660892298,0,0,traj_4,bus
98,48.25001736713304,0,14.312022155301134,0,0,traj_4,bus
99,49.63494415757979,0,14.412635808839893,0,0,traj_4,bus
100,51.0295003942247,0,14.519205441345159,0,0,traj_4,bus
101,52.43433440501203,0,14.63121482055727,0,0,traj_4,bus
102,53.91033787612403,0,14.748174112939651,0,0,traj_4,bus
103,55.40636794790369,0,14.869619277122643,0,0,traj_4,bus
104,56.922916562220564,0,14.995111409448784,0,0,traj_4,bus
105,58.46104911074133,0,15.12423605016461,0,0,traj_4,bus
106,60.02124729822127,0,15.256351319939393,0,0,traj_4,bus
107,61.603889013409926,0,15.390479539055322,0,0,traj_4,bus
108,63.2091626965383,0,15.525218755050604,0,0,traj_4,bus
109,64.83704979954713,0,15.658749224082682,0,0,traj_4,bus
110,66.48728161744074,0,15.788887800502795,0,0,traj_4,bus
111,68.1593083168283,0,15.913180014588017,0,0,traj_4,bus
112,69.85227809310706,0,16.029007017653342,0,0,traj_4,bus
113,71.5650287745022,0,16.133694387566766,0,0,traj_4,bus
114,73.29609099013945,0,16.22461272484137,0,0,traj_4,bus
115,75.04370154690935,0,16.299264431562822,0,0,traj_4,bus
116,76.8058251718429,0,16.35535385034636,0,0,traj_4,bus
117,78.58018266441151,0,16.390840085513112,0,0,traj_4,bus
118,80.36428354718664,0,16.40397319905778,0,0,traj_4,bus
119,82.15546146157138,0,16.393315327192894,0,0,traj_4,bus
120,83.95091077311997,0,16.3577487178145,0,0,traj_4,bus
121,85.74772309545142,0,16.296472869579024,0,0,traj_4,bus
122,87.54292268949126,0,16.208992946754933,0,0,traj_4,bus
123,89.33349993078136,0,16.095101518213013,0,0,traj_4,bus
124,91.11644225279363,0,15.954855472521107,0,0,traj_4,bus
125,92.88876216376465,0,15.788549729000565,0,0,traj_4,bus
126,94.6475220966922,0,15.596689120942786,0,0,traj_4,bus
127,96.38985598697955,0,15.37995958816622,0,0,traj_4,bus
128,98.11298758124782,0,15.139199592010035,0,0,traj_4,bus
129,99.81424556630938,0,14.875372462723776,0,0,traj_4,bus
130,101.49107567185564,0,14.589540209986698,0,0,traj_4,bus
131,103.14104994685266,0,14.28283917282225,0,0,traj_4,bus
132,104.76187344071988,0,13.956457754886168,0,0,traj_4,bus
133,106.35138853869819,0,13.611616383517692,0,0,traj_4,bus
134,107.90757720879097,0,13.249549744036575,0,0,traj_4,bus
135,109.42856141742273,0,12.87149127226389,0,0,traj_4,bus
136,110.91260196438522,0,12.478659835784969,0,0,traj_4,bus
137,112.35809597633755,0,12.07224849575111,0,0,traj_4,bus
138,113.76357328346242,0,11.653415213857292,0,0,traj_4,bus
139,115.1241926968881,0,11.223275351540483,0,0,traj_4,bus
140,116.39538383341207,0,10.782895798627337,0,0,traj_4,bus
141,117.6228952245316,0,10.333290565044393,0,0,traj_4,bus
142,118.80569983659802,0,9.875417670422294,0,0,traj_4,bus
143,119.94239220421025,0,9.410177171311757,0,0,traj_4,bus
144,121.03165032694596,0,8.938410173301488,0,0,traj_4,bus
145,122.055412668235,0,8.460899734092203,0,0,traj_4,bus
146,123.00088917045747,0,7.978387003741597,0,0,traj_4,bus
147,123.89750226702691,0,7.491594696554715,0,0,traj_4,bus
148,124.74433616785228,0,7.001255402631846,0,0,traj_4,bus
149,125.54040674023281,0,6.50813874666594,0,0,traj_4,bus
150,126.28510950317576,0,6.013109396974909,0,0,traj_4,bus
151,126.96220733280214,0,5.517188641182241,0,0,traj_4,bus
152,127.56170420633885,0,5.021529549317364,0,0,traj_4,bus
153,128.11066201851952,0,4.527394741999332,0,0,traj_4,bus
154,128.6089167610358,0,4.036120960071782,0,0,traj_4,bus
155,129.05637158210143,0,3.5493194018072036,0,0,traj_4,bus
156,129.4534125959289,0,3.0689293271889717,0,0,traj_4,bus
157,129.79188575339614,0,2.5967258163102596,0,0,traj_4,bus
158,130.05155833502715,0,2.134324913019351,0,0,traj_4,bus
159,130.2649908263291,0,1.6831382376119128,0,0,traj_4,bus
160,130.4333046500903,0,1.2452934002632299,0,0,traj_4,bus

